id;debut;fin;titre;categorie;description;precision;duree;type;source;source_complementaire;precision_fin;source_fin;note_dates
prophetes-isaie;-778;-732;Isaïe;Prophètes;Ministère attesté. Voir les précisions chronologiques ci-dessous.;vers;Au moins 46 ans;Ministère attesté;https://wol.jw.org/fr/wol/d/r30/lp-f/1101990084;https://wol.jw.org/fr/wol/d/r30/lp-f/1001070071;apres;https://wol.jw.org/fr/wol/d/r30/lp-f/1101990084;"Début vers 778, peut-être plus tôt ; activité poursuivie après 732. Les bornes sont des repères documentaires : 732 ne marque ni son décès ni la fin certaine de son ministère."
prophetes-jeremie;-647;-580;Jérémie;Prophètes;Période documentée. Voir les précisions chronologiques ci-dessous.;année;;Période documentée;https://wol.jw.org/fr/wol/d/r30/lp-f/1101990085;https://wol.jw.org/fr/wol/d/r30/lp-f/1001070071;année;https://wol.jw.org/fr/wol/d/r30/lp-f/1101990085;Mission reçue en 647. Le récit et la rédaction du livre vont jusqu’en 580. Cette dernière date est un repère documentaire, pas une date de décès ni une cessation attestée du ministère.
prophetes-ezechiel;-613;-591;Ézéchiel;Prophètes;Ministère documenté. Voir les précisions chronologiques ci-dessous.;année;;Ministère documenté;https://wol.jw.org/fr/wol/d/r30/lp-f/1101990087;https://wol.jw.org/fr/wol/d/r30/lp-f/1001070071;vers;https://wol.jw.org/fr/wol/d/r30/lp-f/1101990087;"Établi prophète en 613 ; période du livre jusqu’à environ 591. La dernière borne ne constitue pas une date connue de décès."
prophetes-daniel;-618;-536;Daniel;Prophètes;Période du récit et des visions. Voir les précisions chronologiques ci-dessous.;année;;Période du récit et des visions;https://wol.jw.org/fr/wol/d/r30/lp-f/1101990088;https://wol.jw.org/fr/wol/d/r30/lp-f/1001070071;vers;https://wol.jw.org/fr/wol/d/r30/lp-f/1101990088;618 est le début du cadre narratif du livre, pas une nomination datée comme prophète. Les visions vont jusqu’à environ 536. Ces dates ne sont pas celles de sa naissance et de sa mort.
prophetes-osee;-804;-745;Osée;Prophètes;Ministère attesté. Voir les précisions chronologiques ci-dessous.;avant;Au moins 59 ans;Ministère attesté;https://wol.jw.org/fr/wol/d/r30/lp-f/1101990089;https://wol.jw.org/fr/wol/d/r30/lp-f/1001070071;apres;https://wol.jw.org/fr/wol/d/r30/lp-f/1101990089;"L’activité commence avant 804 et se poursuit après 745. Les deux années servent de limites de référence ; la durée réelle dépasse l’intervalle tracé."
prophetes-joel;-820;;Joël;Prophètes;Repère de rédaction. Voir les précisions chronologiques ci-dessous.;vers_incertain;;Repère de rédaction;https://wol.jw.org/fr/wol/d/r30/lp-f/1101990090;https://wol.jw.org/fr/wol/d/r30/lp-f/1001070071;;;"La source propose environ 820 avec un point d’interrogation. Début et fin du ministère non précisés ; aucune période artificielle n’est tracée."
prophetes-amos;-804;;Amos;Prophètes;Repère de rédaction. Voir les précisions chronologiques ci-dessous.;vers;;Repère de rédaction;https://wol.jw.org/fr/wol/d/r30/lp-f/1101990091;https://wol.jw.org/fr/wol/d/r30/lp-f/1001070071;;;Environ 804 correspond à la rédaction du livre. La source situe le commencement de son activité quelque part entre 829 et environ 804, sans établir la durée du ministère. Ces deux bornes ne sont pas un début et une fin de carrière.
prophetes-abdias;-607;;Abdias;Prophètes;Repère de rédaction. Voir les précisions chronologiques ci-dessous.;vers;;Repère de rédaction;https://wol.jw.org/fr/wol/d/r30/lp-f/1101990092;https://wol.jw.org/fr/wol/d/r30/lp-f/1001070071;;;Environ 607 est la date proposée pour la rédaction. La source ne donne pas les dates de début et de fin de son ministère.
prophetes-jonas;-844;;Jonas;Prophètes;Repère de rédaction. Voir les précisions chronologiques ci-dessous.;vers;;Repère de rédaction;https://wol.jw.org/fr/wol/d/r30/lp-f/1101990093;https://wol.jw.org/fr/wol/d/r30/lp-f/1001070071;;;Environ 844 est un repère de rédaction du livre, pas une durée de ministère. Début et fin de l’activité non établis dans cette entrée.
prophetes-michee;-777;-717;Michée;Prophètes;Cadre chronologique. Voir les précisions chronologiques ci-dessous.;vers;;Cadre chronologique;https://wol.jw.org/fr/wol/d/r30/lp-f/1101990094;https://wol.jw.org/fr/wol/d/r30/lp-f/1001070071;année;https://wol.jw.org/fr/wol/d/r30/lp-f/1101990094;Le tableau situe le texte vers 777–717. L’article précise que la durée exacte de la carrière est inconnue : ces bornes encadrent les règnes concernés et ne prouvent pas un ministère continu de 60 ans. Le livre a été achevé avant 717.
prophetes-nahum;-632;;Nahum;Prophètes;Repère de rédaction. Voir les précisions chronologiques ci-dessous.;avant;;Repère de rédaction;https://wol.jw.org/fr/wol/d/r30/lp-f/1101990095;https://wol.jw.org/fr/wol/d/r30/lp-f/1001070071;;;Le livre a été rédigé avant 632. Le marqueur indique cette limite, pas l’année exacte de l’activité. Début et fin du ministère non établis.
prophetes-habacuc;-628;;Habacuc;Prophètes;Repère de rédaction. Voir les précisions chronologiques ci-dessous.;vers_incertain;;Repère de rédaction;https://wol.jw.org/fr/wol/d/r30/lp-f/1101990096;https://wol.jw.org/fr/wol/d/r30/lp-f/1001070071;;;La date de rédaction proposée est environ 628, avec incertitude. La source ne permet pas de donner un début et une fin du ministère.
prophetes-sophonie;-648;;Sophonie;Prophètes;Repère de rédaction. Voir les précisions chronologiques ci-dessous.;avant;;Repère de rédaction;https://wol.jw.org/fr/wol/d/r30/lp-f/1101990097;https://wol.jw.org/fr/wol/d/r30/lp-f/1001070071;;;Le message est situé avant 648, sous Josias. 648 est une limite de datation, pas une fin de ministère. Aucune durée précise n’est attestée.
prophetes-aggee;-520;-520;Aggée;Prophètes;Messages datés. Voir les précisions chronologiques ci-dessous.;année;112 jours couverts par le livre;Messages datés;https://wol.jw.org/fr/wol/d/r30/lp-f/1101990098;https://wol.jw.org/fr/wol/d/r30/lp-f/1001070071;année;https://wol.jw.org/fr/wol/d/r30/lp-f/1101990098;"Les messages du livre couvrent 112 jours en 520. Les deux champs portent la même année car la frise est à précision annuelle ; cela ne signifie pas un ministère d’une année entière."
prophetes-zacharie;-520;-518;Zacharie;Prophètes;Messages datés. Voir les précisions chronologiques ci-dessous.;année;;Messages datés;https://wol.jw.org/fr/wol/d/r30/lp-f/1101990099;https://wol.jw.org/fr/wol/d/r30/lp-f/1001070071;année;https://wol.jw.org/fr/wol/d/r30/lp-f/1101990099;"Début de l’activité en 520 ; les messages datés du livre vont jusqu’en 518. Cette borne documentaire ne prouve pas que son ministère ou sa vie se termine alors."
prophetes-malachie;-443;;Malachie;Prophètes;Repère de rédaction. Voir les précisions chronologiques ci-dessous.;apres;;Repère de rédaction;https://wol.jw.org/fr/wol/d/r30/lp-f/1101990100;https://wol.jw.org/fr/wol/d/r30/lp-f/1001070071;;;"Rédaction après 443. Le marqueur est une limite de référence ; la date exacte et les deux bornes du ministère ne sont pas connues."
